timeStamp,elapsed,label,responseCode,responseMessage,threadName,dataType,success,failureMessage,bytes,sentBytes,grpThreads,allThreads,URL,Latency,IdleTime,Connect
1662660656884,146,My first GET request,200,OK,Group of requests 1-1,text,true,,28509,136,1,1,https://jsonplaceholder.typicode.com/posts,145,0,91
1662660657132,123,My first GET request,200,OK,Group of requests 1-2,text,true,,28501,136,2,2,https://jsonplaceholder.typicode.com/posts,121,0,79
1662660657033,293,My first POST request,201,Created,Group of requests 1-1,text,true,,1155,325,2,2,https://jsonplaceholder.typicode.com/posts,293,0,0
1662660657386,122,My first GET request,200,OK,Group of requests 1-3,text,true,,28499,136,3,3,https://jsonplaceholder.typicode.com/posts,120,0,80
1662660657262,269,My first POST request,201,Created,Group of requests 1-2,text,true,,1155,325,3,3,https://jsonplaceholder.typicode.com/posts,269,0,0
1662660657326,295,My first PUT request json,200,OK,Group of requests 1-1,text,true,,953,267,3,3,https://jsonplaceholder.typicode.com/posts/1,295,0,0
1662660657632,113,My first GET request,200,OK,Group of requests 1-4,text,true,,28499,136,4,4,https://jsonplaceholder.typicode.com/posts,111,0,71
1662660657509,278,My first POST request,201,Created,Group of requests 1-3,text,true,,1161,325,4,4,https://jsonplaceholder.typicode.com/posts,278,0,0
1662660657532,260,My first PUT request json,200,OK,Group of requests 1-2,text,true,,955,267,4,4,https://jsonplaceholder.typicode.com/posts/1,260,0,0
1662660657622,263,My first PUT request,200,OK,Group of requests 1-1,text,true,,1027,275,5,5,https://jsonplaceholder.typicode.com/posts/1,263,0,0
1662660657746,275,My first POST request,201,Created,Group of requests 1-4,text,true,,1151,325,5,5,https://jsonplaceholder.typicode.com/posts,275,0,0
1662660657883,154,My first GET request,200,OK,Group of requests 1-5,text,true,,28495,136,5,5,https://jsonplaceholder.typicode.com/posts,150,0,101
1662660657793,268,My first PUT request,200,OK,Group of requests 1-2,text,true,,1033,275,5,5,https://jsonplaceholder.typicode.com/posts/1,268,0,0
1662660657788,283,My first PUT request json,200,OK,Group of requests 1-3,text,true,,959,267,5,5,https://jsonplaceholder.typicode.com/posts/1,283,0,0
1662660657886,271,My first DELETE request,200,OK,Group of requests 1-1,text,true,,953,233,6,6,https://jsonplaceholder.typicode.com/posts/1?id=1,271,0,0
1662660658132,134,My first GET request,200,OK,Group of requests 1-6,text,true,,28511,136,6,6,https://jsonplaceholder.typicode.com/posts,132,0,87
1662660658038,273,My first POST request,201,Created,Group of requests 1-5,text,true,,1153,325,6,6,https://jsonplaceholder.typicode.com/posts,273,0,0
1662660658022,291,My first PUT request json,200,OK,Group of requests 1-4,text,true,,955,267,6,6,https://jsonplaceholder.typicode.com/posts/1,291,0,0
1662660658072,281,My first PUT request,200,OK,Group of requests 1-3,text,true,,1039,275,6,6,https://jsonplaceholder.typicode.com/posts/1,281,0,0
1662660658062,316,My first DELETE request,200,OK,Group of requests 1-2,text,true,,945,233,6,6,https://jsonplaceholder.typicode.com/posts/1?id=1,316,0,0
1662660658157,263,My first DELETE request json,200,OK,Group of requests 1-1,text,true,,941,200,7,7,https://jsonplaceholder.typicode.com/posts/1,263,0,0
1662660658381,130,My first GET request,200,OK,Group of requests 1-7,text,true,,28508,136,7,7,https://jsonplaceholder.typicode.com/posts,128,0,87
1662660658267,271,My first POST request,201,Created,Group of requests 1-6,text,true,,1157,325,7,7,https://jsonplaceholder.typicode.com/posts,271,0,0
1662660658313,262,My first PUT request,200,OK,Group of requests 1-4,text,true,,1033,275,7,7,https://jsonplaceholder.typicode.com/posts/1,262,0,0
1662660658311,274,My first PUT request json,200,OK,Group of requests 1-5,text,true,,955,267,7,7,https://jsonplaceholder.typicode.com/posts/1,274,0,0
1662660658354,273,My first DELETE request,200,OK,Group of requests 1-3,text,true,,945,233,7,7,https://jsonplaceholder.typicode.com/posts/1?id=1,273,0,0
1662660658379,271,My first DELETE request json,200,OK,Group of requests 1-2,text,true,,951,200,8,8,https://jsonplaceholder.typicode.com/posts/1,271,0,0
1662660658422,263,My first POST request,201,Created,Group of requests 1-1,text,true,,1153,325,8,8,https://jsonplaceholder.typicode.com/posts,263,0,0
1662660658632,126,My first GET request,200,OK,Group of requests 1-8,text,true,,28505,136,8,8,https://jsonplaceholder.typicode.com/posts,124,0,83
1662660658512,270,My first POST request,201,Created,Group of requests 1-7,text,true,,1153,325,8,8,https://jsonplaceholder.typicode.com/posts,270,0,0
1662660658538,266,My first PUT request json,200,OK,Group of requests 1-6,text,true,,957,267,8,8,https://jsonplaceholder.typicode.com/posts/1,266,0,0
1662660658585,257,My first PUT request,200,OK,Group of requests 1-5,text,true,,1029,275,8,8,https://jsonplaceholder.typicode.com/posts/1,257,0,0
1662660658576,288,My first DELETE request,200,OK,Group of requests 1-4,text,true,,941,233,8,8,https://jsonplaceholder.typicode.com/posts/1?id=1,288,0,0
1662660658628,265,My first DELETE request json,200,OK,Group of requests 1-3,text,true,,939,200,9,9,https://jsonplaceholder.typicode.com/posts/1,265,0,0
1662660658652,270,My first POST request,201,Created,Group of requests 1-2,text,true,,1151,325,9,9,https://jsonplaceholder.typicode.com/posts,270,0,0
1662660658685,275,My first PUT request json,200,OK,Group of requests 1-1,text,true,,955,267,9,9,https://jsonplaceholder.typicode.com/posts/1,275,0,0
1662660658886,124,My first GET request,200,OK,Group of requests 1-9,text,true,,28509,136,9,9,https://jsonplaceholder.typicode.com/posts,122,0,80
1662660658759,268,My first POST request,201,Created,Group of requests 1-8,text,true,,1163,325,9,9,https://jsonplaceholder.typicode.com/posts,268,0,0
1662660658782,280,My first PUT request json,200,OK,Group of requests 1-7,text,true,,955,267,9,9,https://jsonplaceholder.typicode.com/posts/1,280,0,0
1662660658804,262,My first PUT request,200,OK,Group of requests 1-6,text,true,,1033,275,9,9,https://jsonplaceholder.typicode.com/posts/1,262,0,0
1662660658843,272,My first DELETE request,200,OK,Group of requests 1-5,text,true,,943,233,9,9,https://jsonplaceholder.typicode.com/posts/1?id=1,272,0,0
1662660658865,273,My first DELETE request json,200,OK,Group of requests 1-4,text,true,,951,200,10,10,https://jsonplaceholder.typicode.com/posts/1,273,0,0
1662660658895,273,My first POST request,201,Created,Group of requests 1-3,text,true,,1157,325,10,10,https://jsonplaceholder.typicode.com/posts,273,0,0
1662660658923,272,My first PUT request json,200,OK,Group of requests 1-2,text,true,,953,267,10,10,https://jsonplaceholder.typicode.com/posts/1,272,0,0
1662660658960,269,My first PUT request,200,OK,Group of requests 1-1,text,true,,1029,275,10,10,https://jsonplaceholder.typicode.com/posts/1,269,0,0
1662660659027,267,My first PUT request json,200,OK,Group of requests 1-8,text,true,,955,267,10,10,https://jsonplaceholder.typicode.com/posts/1,267,0,0
1662660659138,156,My first GET request,200,OK,Group of requests 1-10,text,true,,28501,136,10,10,https://jsonplaceholder.typicode.com/posts,154,0,79
1662660659010,292,My first POST request,201,Created,Group of requests 1-9,text,true,,1153,325,10,10,https://jsonplaceholder.typicode.com/posts,292,0,0
1662660659063,276,My first PUT request,200,OK,Group of requests 1-7,text,true,,1025,275,10,10,https://jsonplaceholder.typicode.com/posts/1,276,0,0
1662660659067,273,My first DELETE request,200,OK,Group of requests 1-6,text,true,,943,233,10,10,https://jsonplaceholder.typicode.com/posts/1?id=1,273,0,0
1662660659115,265,My first DELETE request json,200,OK,Group of requests 1-5,text,true,,945,200,10,10,https://jsonplaceholder.typicode.com/posts/1,265,0,0
1662660659139,274,My first POST request,201,Created,Group of requests 1-4,text,true,,1155,325,11,11,https://jsonplaceholder.typicode.com/posts,274,0,0
1662660659168,261,My first PUT request json,200,OK,Group of requests 1-3,text,true,,957,267,11,11,https://jsonplaceholder.typicode.com/posts/1,261,0,0
1662660659196,270,My first PUT request,200,OK,Group of requests 1-2,text,true,,1033,275,11,11,https://jsonplaceholder.typicode.com/posts/1,270,0,0
1662660659229,270,My first DELETE request,200,OK,Group of requests 1-1,text,true,,945,233,11,11,https://jsonplaceholder.typicode.com/posts/1?id=1,270,0,0
1662660659382,156,My first GET request,200,OK,Group of requests 1-11,text,true,,28497,136,11,11,https://jsonplaceholder.typicode.com/posts,152,0,109
1662660659294,260,My first PUT request,200,OK,Group of requests 1-8,text,true,,1025,275,11,11,https://jsonplaceholder.typicode.com/posts/1,260,0,0
1662660659303,261,My first PUT request json,200,OK,Group of requests 1-9,text,true,,965,267,11,11,https://jsonplaceholder.typicode.com/posts/1,261,0,0
1662660659295,280,My first POST request,201,Created,Group of requests 1-10,text,true,,1151,325,11,11,https://jsonplaceholder.typicode.com/posts,280,0,0
1662660659340,270,My first DELETE request json,200,OK,Group of requests 1-6,text,true,,947,200,11,11,https://jsonplaceholder.typicode.com/posts/1,270,0,0
1662660659339,272,My first DELETE request,200,OK,Group of requests 1-7,text,true,,949,233,11,11,https://jsonplaceholder.typicode.com/posts/1?id=1,272,0,0
1662660659381,254,My first POST request,201,Created,Group of requests 1-5,text,true,,1151,325,12,12,https://jsonplaceholder.typicode.com/posts,254,0,0
1662660659414,271,My first PUT request json,200,OK,Group of requests 1-4,text,true,,955,267,12,12,https://jsonplaceholder.typicode.com/posts/1,271,0,0
1662660659429,273,My first PUT request,200,OK,Group of requests 1-3,text,true,,1033,275,12,12,https://jsonplaceholder.typicode.com/posts/1,273,0,0
1662660659466,280,My first DELETE request,200,OK,Group of requests 1-2,text,true,,943,233,12,12,https://jsonplaceholder.typicode.com/posts/1?id=1,280,0,0
1662660659633,122,My first GET request,200,OK,Group of requests 1-12,text,true,,28497,136,12,12,https://jsonplaceholder.typicode.com/posts,120,0,79
1662660659500,260,My first DELETE request json,200,OK,Group of requests 1-1,text,true,,941,200,12,12,https://jsonplaceholder.typicode.com/posts/1,260,0,0
1662660659540,263,My first POST request,201,Created,Group of requests 1-11,text,true,,1155,325,11,11,https://jsonplaceholder.typicode.com/posts,263,0,0
1662660659555,268,My first DELETE request,200,OK,Group of requests 1-8,text,true,,949,233,11,11,https://jsonplaceholder.typicode.com/posts/1?id=1,268,0,0
1662660659564,269,My first PUT request,200,OK,Group of requests 1-9,text,true,,1031,275,11,11,https://jsonplaceholder.typicode.com/posts/1,269,0,0
1662660659576,257,My first PUT request json,200,OK,Group of requests 1-10,text,true,,961,267,11,11,https://jsonplaceholder.typicode.com/posts/1,257,0,0
1662660659611,257,My first DELETE request json,200,OK,Group of requests 1-7,text,true,,945,200,11,11,https://jsonplaceholder.typicode.com/posts/1,257,0,0
1662660659611,266,My first POST request,201,Created,Group of requests 1-6,text,true,,1149,325,11,11,https://jsonplaceholder.typicode.com/posts,266,0,0
1662660659636,281,My first PUT request json,200,OK,Group of requests 1-5,text,true,,957,267,12,12,https://jsonplaceholder.typicode.com/posts/1,281,0,0
1662660659703,252,My first DELETE request,200,OK,Group of requests 1-3,text,true,,945,233,12,12,https://jsonplaceholder.typicode.com/posts/1?id=1,252,0,0
1662660659685,276,My first PUT request,200,OK,Group of requests 1-4,text,true,,1029,275,12,12,https://jsonplaceholder.typicode.com/posts/1,276,0,0
1662660659881,120,My first GET request,200,OK,Group of requests 1-13,text,true,,28499,136,12,12,https://jsonplaceholder.typicode.com/posts,119,0,76
1662660659747,273,My first DELETE request json,200,OK,Group of requests 1-2,text,true,,945,200,12,12,https://jsonplaceholder.typicode.com/posts/1,273,0,0
1662660659756,273,My first POST request,201,Created,Group of requests 1-12,text,true,,1157,325,11,11,https://jsonplaceholder.typicode.com/posts,273,0,0
1662660659804,259,My first PUT request json,200,OK,Group of requests 1-11,text,true,,959,267,11,11,https://jsonplaceholder.typicode.com/posts/1,259,0,0
1662660659833,263,My first DELETE request,200,OK,Group of requests 1-9,text,true,,949,233,11,11,https://jsonplaceholder.typicode.com/posts/1?id=1,263,0,0
1662660659833,270,My first PUT request,200,OK,Group of requests 1-10,text,true,,1033,275,11,11,https://jsonplaceholder.typicode.com/posts/1,270,0,0
1662660659824,284,My first DELETE request json,200,OK,Group of requests 1-8,text,true,,947,200,11,11,https://jsonplaceholder.typicode.com/posts/1,284,0,0
1662660659868,269,My first POST request,201,Created,Group of requests 1-7,text,true,,1151,325,12,12,https://jsonplaceholder.typicode.com/posts,268,0,0
1662660659878,264,My first PUT request json,200,OK,Group of requests 1-6,text,true,,961,267,12,12,https://jsonplaceholder.typicode.com/posts/1,264,0,0
1662660659917,264,My first PUT request,200,OK,Group of requests 1-5,text,true,,1033,275,12,12,https://jsonplaceholder.typicode.com/posts/1,264,0,0
1662660659956,270,My first DELETE request json,200,OK,Group of requests 1-3,text,true,,947,200,12,12,https://jsonplaceholder.typicode.com/posts/1,270,0,0
1662660659961,284,My first DELETE request,200,OK,Group of requests 1-4,text,true,,945,233,11,11,https://jsonplaceholder.typicode.com/posts/1?id=1,284,0,0
1662660660002,270,My first POST request,201,Created,Group of requests 1-13,text,true,,1161,325,11,11,https://jsonplaceholder.typicode.com/posts,270,0,0
1662660660131,141,My first GET request,200,OK,Group of requests 1-14,text,true,,28505,136,11,11,https://jsonplaceholder.typicode.com/posts,138,0,85
1662660660029,259,My first PUT request json,200,OK,Group of requests 1-12,text,true,,953,267,11,11,https://jsonplaceholder.typicode.com/posts/1,259,0,0
1662660660063,262,My first PUT request,200,OK,Group of requests 1-11,text,true,,1027,275,11,11,https://jsonplaceholder.typicode.com/posts/1,262,0,0
1662660660096,256,My first DELETE request json,200,OK,Group of requests 1-9,text,true,,949,200,11,11,https://jsonplaceholder.typicode.com/posts/1,256,0,0
1662660660103,262,My first DELETE request,200,OK,Group of requests 1-10,text,true,,943,233,11,11,https://jsonplaceholder.typicode.com/posts/1?id=1,262,0,0
1662660660109,281,My first POST request,201,Created,Group of requests 1-8,text,true,,1153,325,12,12,https://jsonplaceholder.typicode.com/posts,281,0,0
1662660660137,263,My first PUT request json,200,OK,Group of requests 1-7,text,true,,963,267,12,12,https://jsonplaceholder.typicode.com/posts/1,263,0,0
1662660660142,266,My first PUT request,200,OK,Group of requests 1-6,text,true,,1027,275,12,12,https://jsonplaceholder.typicode.com/posts/1,266,0,0
1662660660182,296,My first DELETE request,200,OK,Group of requests 1-5,text,true,,957,233,12,12,https://jsonplaceholder.typicode.com/posts/1?id=1,296,0,0
1662660660381,124,My first GET request,200,OK,Group of requests 1-15,text,true,,28497,136,12,12,https://jsonplaceholder.typicode.com/posts,122,0,79
1662660660245,272,My first DELETE request json,200,OK,Group of requests 1-4,text,true,,945,200,12,12,https://jsonplaceholder.typicode.com/posts/1,272,0,0
1662660660273,268,My first PUT request json,200,OK,Group of requests 1-13,text,true,,955,267,11,11,https://jsonplaceholder.typicode.com/posts/1,268,0,0
1662660660289,256,My first PUT request,200,OK,Group of requests 1-12,text,true,,1033,275,11,11,https://jsonplaceholder.typicode.com/posts/1,256,0,0
1662660660279,277,My first POST request,201,Created,Group of requests 1-14,text,true,,1153,325,11,11,https://jsonplaceholder.typicode.com/posts,277,0,0
1662660660326,283,My first DELETE request,200,OK,Group of requests 1-11,text,true,,941,233,11,11,https://jsonplaceholder.typicode.com/posts/1?id=1,283,0,0
1662660660365,265,My first DELETE request json,200,OK,Group of requests 1-10,text,true,,941,200,11,11,https://jsonplaceholder.typicode.com/posts/1,264,0,0
1662660660353,277,My first POST request,201,Created,Group of requests 1-9,text,true,,1155,325,11,11,https://jsonplaceholder.typicode.com/posts,277,0,0
1662660660391,265,My first PUT request json,200,OK,Group of requests 1-8,text,true,,951,267,12,12,https://jsonplaceholder.typicode.com/posts/1,265,0,0
1662660660408,262,My first DELETE request,200,OK,Group of requests 1-6,text,true,,937,233,12,12,https://jsonplaceholder.typicode.com/posts/1?id=1,262,0,0
1662660660401,271,My first PUT request,200,OK,Group of requests 1-7,text,true,,1025,275,12,12,https://jsonplaceholder.typicode.com/posts/1,271,0,0
1662660660479,266,My first DELETE request json,200,OK,Group of requests 1-5,text,true,,943,200,12,12,https://jsonplaceholder.typicode.com/posts/1,266,0,0
1662660660633,136,My first GET request,200,OK,Group of requests 1-16,text,true,,28505,136,11,11,https://jsonplaceholder.typicode.com/posts,134,0,94
1662660660541,257,My first PUT request,200,OK,Group of requests 1-13,text,true,,1029,275,11,11,https://jsonplaceholder.typicode.com/posts/1,257,0,0
1662660660557,269,My first PUT request json,200,OK,Group of requests 1-14,text,true,,953,267,11,11,https://jsonplaceholder.typicode.com/posts/1,269,0,0
1662660660506,333,My first POST request,201,Created,Group of requests 1-15,text,true,,1155,325,11,11,https://jsonplaceholder.typicode.com/posts,333,0,0
1662660660546,303,My first DELETE request,200,OK,Group of requests 1-12,text,true,,943,233,11,11,https://jsonplaceholder.typicode.com/posts/1?id=1,303,0,0
1662660660609,255,My first DELETE request json,200,OK,Group of requests 1-11,text,true,,947,200,11,11,https://jsonplaceholder.typicode.com/posts/1,255,0,0
1662660660631,265,My first POST request,201,Created,Group of requests 1-10,text,true,,1151,325,12,12,https://jsonplaceholder.typicode.com/posts,265,0,0
1662660660632,269,My first PUT request json,200,OK,Group of requests 1-9,text,true,,959,267,12,12,https://jsonplaceholder.typicode.com/posts/1,269,0,0
1662660660656,280,My first PUT request,200,OK,Group of requests 1-8,text,true,,1033,275,12,12,https://jsonplaceholder.typicode.com/posts/1,280,0,0
1662660660673,268,My first DELETE request,200,OK,Group of requests 1-7,text,true,,943,233,12,12,https://jsonplaceholder.typicode.com/posts/1?id=1,268,0,0
1662660660670,281,My first DELETE request json,200,OK,Group of requests 1-6,text,true,,943,200,12,12,https://jsonplaceholder.typicode.com/posts/1,281,0,0
1662660660882,115,My first GET request,200,OK,Group of requests 1-17,text,true,,28497,136,11,11,https://jsonplaceholder.typicode.com/posts,114,0,67
1662660660770,266,My first POST request,201,Created,Group of requests 1-16,text,true,,1153,325,11,11,https://jsonplaceholder.typicode.com/posts,266,0,0
1662660660799,274,My first DELETE request,200,OK,Group of requests 1-13,text,true,,943,233,11,11,https://jsonplaceholder.typicode.com/posts/1?id=1,274,0,0
1662660660827,270,My first PUT request,200,OK,Group of requests 1-14,text,true,,1035,275,11,11,https://jsonplaceholder.typicode.com/posts/1,270,0,0
1662660660840,263,My first PUT request json,200,OK,Group of requests 1-15,text,true,,955,267,11,11,https://jsonplaceholder.typicode.com/posts/1,263,0,0
1662660660866,264,My first POST request,201,Created,Group of requests 1-11,text,true,,1153,325,11,11,https://jsonplaceholder.typicode.com/posts,264,0,0
1662660660849,291,My first DELETE request json,200,OK,Group of requests 1-12,text,true,,941,200,12,12,https://jsonplaceholder.typicode.com/posts/1,291,0,0
1662660660897,269,My first PUT request json,200,OK,Group of requests 1-10,text,true,,959,267,12,12,https://jsonplaceholder.typicode.com/posts/1,269,0,0
1662660660901,269,My first PUT request,200,OK,Group of requests 1-9,text,true,,1029,275,12,12,https://jsonplaceholder.typicode.com/posts/1,269,0,0
1662660660936,262,My first DELETE request,200,OK,Group of requests 1-8,text,true,,937,233,12,12,https://jsonplaceholder.typicode.com/posts/1?id=1,262,0,0
1662660660941,270,My first DELETE request json,200,OK,Group of requests 1-7,text,true,,945,200,12,12,https://jsonplaceholder.typicode.com/posts/1,270,0,0
1662660661132,117,My first GET request,200,OK,Group of requests 1-18,text,true,,28499,136,11,11,https://jsonplaceholder.typicode.com/posts,115,0,74
1662660660998,276,My first POST request,201,Created,Group of requests 1-17,text,true,,1155,325,11,11,https://jsonplaceholder.typicode.com/posts,276,0,0
1662660661037,265,My first PUT request json,200,OK,Group of requests 1-16,text,true,,955,267,11,11,https://jsonplaceholder.typicode.com/posts/1,265,0,0
1662660661074,291,My first DELETE request json,200,OK,Group of requests 1-13,text,true,,937,200,11,11,https://jsonplaceholder.typicode.com/posts/1,291,0,0
1662660661103,270,My first PUT request,200,OK,Group of requests 1-15,text,true,,1033,275,11,11,https://jsonplaceholder.typicode.com/posts/1,270,0,0
1662660661097,287,My first DELETE request,200,OK,Group of requests 1-14,text,true,,945,233,12,12,https://jsonplaceholder.typicode.com/posts/1?id=1,287,0,0
1662660661133,278,My first PUT request json,200,OK,Group of requests 1-11,text,true,,957,267,12,12,https://jsonplaceholder.typicode.com/posts/1,278,0,0
1662660661167,272,My first PUT request,200,OK,Group of requests 1-10,text,true,,1025,275,12,12,https://jsonplaceholder.typicode.com/posts/1,272,0,0
1662660661142,297,My first POST request,201,Created,Group of requests 1-12,text,true,,1149,325,12,12,https://jsonplaceholder.typicode.com/posts,297,0,0
1662660661198,274,My first DELETE request json,200,OK,Group of requests 1-8,text,true,,937,200,12,12,https://jsonplaceholder.typicode.com/posts/1,274,0,0
1662660661171,304,My first DELETE request,200,OK,Group of requests 1-9,text,true,,947,233,11,11,https://jsonplaceholder.typicode.com/posts/1?id=1,304,0,0
1662660661249,268,My first POST request,201,Created,Group of requests 1-18,text,true,,1155,325,11,11,https://jsonplaceholder.typicode.com/posts,268,0,0
1662660661275,271,My first PUT request json,200,OK,Group of requests 1-17,text,true,,951,267,11,11,https://jsonplaceholder.typicode.com/posts/1,271,0,0
1662660661382,164,My first GET request,200,OK,Group of requests 1-19,text,true,,28495,136,11,11,https://jsonplaceholder.typicode.com/posts,162,0,96
1662660661302,291,My first PUT request,200,OK,Group of requests 1-16,text,true,,1025,275,11,11,https://jsonplaceholder.typicode.com/posts/1,291,0,0
1662660661365,276,My first POST request,201,Created,Group of requests 1-13,text,true,,1163,325,12,12,https://jsonplaceholder.typicode.com/posts,276,0,0
1662660661373,269,My first DELETE request,200,OK,Group of requests 1-15,text,true,,949,233,12,12,https://jsonplaceholder.typicode.com/posts/1?id=1,269,0,0
1662660661384,268,My first DELETE request json,200,OK,Group of requests 1-14,text,true,,937,200,12,12,https://jsonplaceholder.typicode.com/posts/1,268,0,0
1662660661411,264,My first PUT request,200,OK,Group of requests 1-11,text,true,,1039,275,12,12,https://jsonplaceholder.typicode.com/posts/1,264,0,0
1662660661439,252,My first DELETE request,200,OK,Group of requests 1-10,text,true,,945,233,12,12,https://jsonplaceholder.typicode.com/posts/1?id=1,252,0,0
1662660661475,257,My first DELETE request json,200,OK,Group of requests 1-9,text,true,,943,200,12,12,https://jsonplaceholder.typicode.com/posts/1,257,0,0
1662660661440,293,My first PUT request json,200,OK,Group of requests 1-12,text,true,,957,267,11,11,https://jsonplaceholder.typicode.com/posts/1,293,0,0
1662660661631,149,My first GET request,200,OK,Group of requests 1-20,text,true,,28497,136,11,11,https://jsonplaceholder.typicode.com/posts,148,0,100
1662660661547,258,My first PUT request,200,OK,Group of requests 1-17,text,true,,1031,275,11,11,https://jsonplaceholder.typicode.com/posts/1,258,0,0
1662660661547,267,My first POST request,201,Created,Group of requests 1-19,text,true,,1151,325,11,11,https://jsonplaceholder.typicode.com/posts,267,0,0
1662660661518,308,My first PUT request json,200,OK,Group of requests 1-18,text,true,,947,267,11,11,https://jsonplaceholder.typicode.com/posts/1,308,0,0
1662660661593,272,My first DELETE request,200,OK,Group of requests 1-16,text,true,,943,233,11,11,https://jsonplaceholder.typicode.com/posts/1?id=1,272,0,0
1662660661642,273,My first DELETE request json,200,OK,Group of requests 1-15,text,true,,939,200,11,11,https://jsonplaceholder.typicode.com/posts/1,273,0,0
1662660661653,269,My first POST request,201,Created,Group of requests 1-14,text,true,,1159,325,11,11,https://jsonplaceholder.typicode.com/posts,269,0,0
1662660661675,276,My first DELETE request,200,OK,Group of requests 1-11,text,true,,943,233,11,11,https://jsonplaceholder.typicode.com/posts/1?id=1,276,0,0
1662660661692,265,My first DELETE request json,200,OK,Group of requests 1-10,text,true,,945,200,11,11,https://jsonplaceholder.typicode.com/posts/1,265,0,0
1662660661641,355,My first PUT request json,200,OK,Group of requests 1-13,text,true,,957,267,10,10,https://jsonplaceholder.typicode.com/posts/1,355,0,0
1662660661781,285,My first POST request,201,Created,Group of requests 1-20,text,true,,1147,325,10,10,https://jsonplaceholder.typicode.com/posts,284,0,0
1662660661805,280,My first DELETE request,200,OK,Group of requests 1-17,text,true,,939,233,10,10,https://jsonplaceholder.typicode.com/posts/1?id=1,280,0,0
1662660661814,277,My first PUT request json,200,OK,Group of requests 1-19,text,true,,953,267,10,10,https://jsonplaceholder.typicode.com/posts/1,276,0,0
1662660661827,272,My first PUT request,200,OK,Group of requests 1-18,text,true,,1033,275,10,10,https://jsonplaceholder.typicode.com/posts/1,272,0,0
1662660661733,378,My first PUT request,200,OK,Group of requests 1-12,text,true,,1035,275,10,10,https://jsonplaceholder.typicode.com/posts/1,378,0,0
1662660661865,267,My first DELETE request json,200,OK,Group of requests 1-16,text,true,,941,200,10,10,https://jsonplaceholder.typicode.com/posts/1,267,0,0
1662660661916,263,My first POST request,201,Created,Group of requests 1-15,text,true,,1149,325,10,10,https://jsonplaceholder.typicode.com/posts,263,0,0
1662660661923,261,My first PUT request json,200,OK,Group of requests 1-14,text,true,,953,267,10,10,https://jsonplaceholder.typicode.com/posts/1,261,0,0
1662660661951,267,My first DELETE request json,200,OK,Group of requests 1-11,text,true,,949,200,10,10,https://jsonplaceholder.typicode.com/posts/1,267,0,0
1662660661996,298,My first PUT request,200,OK,Group of requests 1-13,text,true,,1025,275,9,9,https://jsonplaceholder.typicode.com/posts/1,298,0,0
1662660662066,260,My first PUT request json,200,OK,Group of requests 1-20,text,true,,959,267,9,9,https://jsonplaceholder.typicode.com/posts/1,260,0,0
1662660662086,257,My first DELETE request json,200,OK,Group of requests 1-17,text,true,,943,200,9,9,https://jsonplaceholder.typicode.com/posts/1,257,0,0
1662660662099,276,My first DELETE request,200,OK,Group of requests 1-18,text,true,,943,233,9,9,https://jsonplaceholder.typicode.com/posts/1?id=1,276,0,0
1662660662091,290,My first PUT request,200,OK,Group of requests 1-19,text,true,,1029,275,9,9,https://jsonplaceholder.typicode.com/posts/1,290,0,0
1662660662111,270,My first DELETE request,200,OK,Group of requests 1-12,text,true,,943,233,9,9,https://jsonplaceholder.typicode.com/posts/1?id=1,270,0,0
1662660662134,269,My first POST request,201,Created,Group of requests 1-16,text,true,,1157,325,9,9,https://jsonplaceholder.typicode.com/posts,269,0,0
1662660662180,273,My first PUT request json,200,OK,Group of requests 1-15,text,true,,953,267,9,9,https://jsonplaceholder.typicode.com/posts/1,273,0,0
1662660662184,272,My first PUT request,200,OK,Group of requests 1-14,text,true,,1029,275,9,9,https://jsonplaceholder.typicode.com/posts/1,272,0,0
1662660662294,263,My first DELETE request,200,OK,Group of requests 1-13,text,true,,947,233,9,9,https://jsonplaceholder.typicode.com/posts/1?id=1,263,0,0
1662660662327,267,My first PUT request,200,OK,Group of requests 1-20,text,true,,1029,275,9,9,https://jsonplaceholder.typicode.com/posts/1,267,0,0
1662660662344,281,My first POST request,201,Created,Group of requests 1-17,text,true,,1149,325,9,9,https://jsonplaceholder.typicode.com/posts,281,0,0
1662660662376,273,My first DELETE request json,200,OK,Group of requests 1-18,text,true,,957,200,9,9,https://jsonplaceholder.typicode.com/posts/1,273,0,0
1662660662381,271,My first DELETE request json,200,OK,Group of requests 1-12,text,true,,945,200,9,9,https://jsonplaceholder.typicode.com/posts/1,271,0,0
1662660662381,277,My first DELETE request,200,OK,Group of requests 1-19,text,true,,945,233,8,8,https://jsonplaceholder.typicode.com/posts/1?id=1,277,0,0
1662660662404,263,My first PUT request json,200,OK,Group of requests 1-16,text,true,,957,267,8,8,https://jsonplaceholder.typicode.com/posts/1,263,0,0
1662660662454,269,My first PUT request,200,OK,Group of requests 1-15,text,true,,1029,275,8,8,https://jsonplaceholder.typicode.com/posts/1,269,0,0
1662660662457,279,My first DELETE request,200,OK,Group of requests 1-14,text,true,,939,233,8,8,https://jsonplaceholder.typicode.com/posts/1?id=1,279,0,0
1662660662557,263,My first DELETE request json,200,OK,Group of requests 1-13,text,true,,945,200,8,8,https://jsonplaceholder.typicode.com/posts/1,263,0,0
1662660662594,252,My first DELETE request,200,OK,Group of requests 1-20,text,true,,943,233,7,7,https://jsonplaceholder.typicode.com/posts/1?id=1,252,0,0
1662660662625,270,My first PUT request json,200,OK,Group of requests 1-17,text,true,,955,267,7,7,https://jsonplaceholder.typicode.com/posts/1,270,0,0
1662660662658,266,My first DELETE request json,200,OK,Group of requests 1-19,text,true,,941,200,7,7,https://jsonplaceholder.typicode.com/posts/1,266,0,0
1662660662667,271,My first PUT request,200,OK,Group of requests 1-16,text,true,,1031,275,7,7,https://jsonplaceholder.typicode.com/posts/1,271,0,0
1662660662650,296,My first POST request,201,Created,Group of requests 1-18,text,true,,1157,325,7,7,https://jsonplaceholder.typicode.com/posts,296,0,0
1662660662723,266,My first DELETE request,200,OK,Group of requests 1-15,text,true,,939,233,7,7,https://jsonplaceholder.typicode.com/posts/1?id=1,266,0,0
1662660662736,257,My first DELETE request json,200,OK,Group of requests 1-14,text,true,,939,200,7,7,https://jsonplaceholder.typicode.com/posts/1,257,0,0
1662660662847,262,My first DELETE request json,200,OK,Group of requests 1-20,text,true,,941,200,6,6,https://jsonplaceholder.typicode.com/posts/1,262,0,0
1662660662896,271,My first PUT request,200,OK,Group of requests 1-17,text,true,,1029,275,6,6,https://jsonplaceholder.typicode.com/posts/1,271,0,0
1662660662925,267,My first POST request,201,Created,Group of requests 1-19,text,true,,1151,325,6,6,https://jsonplaceholder.typicode.com/posts,267,0,0
1662660662938,273,My first DELETE request,200,OK,Group of requests 1-16,text,true,,937,233,6,6,https://jsonplaceholder.typicode.com/posts/1?id=1,273,0,0
1662660662946,271,My first PUT request json,200,OK,Group of requests 1-18,text,true,,963,267,6,6,https://jsonplaceholder.typicode.com/posts/1,271,0,0
1662660662989,268,My first DELETE request json,200,OK,Group of requests 1-15,text,true,,943,200,6,6,https://jsonplaceholder.typicode.com/posts/1,268,0,0
1662660663110,264,My first POST request,201,Created,Group of requests 1-20,text,true,,1153,325,5,5,https://jsonplaceholder.typicode.com/posts,264,0,0
1662660663167,279,My first DELETE request,200,OK,Group of requests 1-17,text,true,,949,233,5,5,https://jsonplaceholder.typicode.com/posts/1?id=1,279,0,0
1662660663192,273,My first PUT request json,200,OK,Group of requests 1-19,text,true,,955,267,5,5,https://jsonplaceholder.typicode.com/posts/1,273,0,0
1662660663212,271,My first DELETE request json,200,OK,Group of requests 1-16,text,true,,953,200,5,5,https://jsonplaceholder.typicode.com/posts/1,271,0,0
1662660663217,286,My first PUT request,200,OK,Group of requests 1-18,text,true,,1027,275,4,4,https://jsonplaceholder.typicode.com/posts/1,285,0,0
1662660663375,254,My first PUT request json,200,OK,Group of requests 1-20,text,true,,957,267,4,4,https://jsonplaceholder.typicode.com/posts/1,254,0,0
1662660663446,269,My first DELETE request json,200,OK,Group of requests 1-17,text,true,,945,200,4,4,https://jsonplaceholder.typicode.com/posts/1,269,0,0
1662660663465,264,My first PUT request,200,OK,Group of requests 1-19,text,true,,1025,275,3,3,https://jsonplaceholder.typicode.com/posts/1,264,0,0
1662660663503,277,My first DELETE request,200,OK,Group of requests 1-18,text,true,,937,233,3,3,https://jsonplaceholder.typicode.com/posts/1?id=1,277,0,0
1662660663629,268,My first PUT request,200,OK,Group of requests 1-20,text,true,,1039,275,3,3,https://jsonplaceholder.typicode.com/posts/1,268,0,0
1662660663729,274,My first DELETE request,200,OK,Group of requests 1-19,text,true,,943,233,3,3,https://jsonplaceholder.typicode.com/posts/1?id=1,274,0,0
1662660663780,279,My first DELETE request json,200,OK,Group of requests 1-18,text,true,,943,200,3,3,https://jsonplaceholder.typicode.com/posts/1,279,0,0
1662660663897,264,My first DELETE request,200,OK,Group of requests 1-20,text,true,,951,233,2,2,https://jsonplaceholder.typicode.com/posts/1?id=1,264,0,0
1662660664004,278,My first DELETE request json,200,OK,Group of requests 1-19,text,true,,945,200,2,2,https://jsonplaceholder.typicode.com/posts/1,278,0,0
1662660664161,264,My first DELETE request json,200,OK,Group of requests 1-20,text,true,,941,200,1,1,https://jsonplaceholder.typicode.com/posts/1,264,0,0
